{"options":{"check_for_updates":true,"comment":null,"compatopts_for_requires":true,"compat_wrappedjsobject":false,"compat_metadata":false,"compat_foreach":false,"compat_prototypes":false,"noframes":null,"run_at":null,"override":{"use_includes":[],"orig_includes":[],"merge_includes":true,"use_matches":[],"orig_matches":["https://weibo.com/*","https://www.weibo.com/*"],"merge_matches":true,"use_excludes":[],"orig_excludes":[],"merge_excludes":true,"use_connects":[],"merge_connects":true,"use_blockers":[],"orig_run_at":"document-idle","orig_noframes":null,"orig_connects":[]}},"settings":{"enabled":true,"position":2},"meta":{"name":"微博超话自动签到","uuid":"2be604cb-4074-4607-ac9b-6b5a97a9a092","modified":1633180032842,"file_url":"https://greasyfork.org/scripts/390039-%E5%BE%AE%E5%8D%9A%E8%B6%85%E8%AF%9D%E8%87%AA%E5%8A%A8%E7%AD%BE%E5%88%B0/code/%E5%BE%AE%E5%8D%9A%E8%B6%85%E8%AF%9D%E8%87%AA%E5%8A%A8%E7%AD%BE%E5%88%B0.user.js"}}