{"options":{"check_for_updates":true,"comment":null,"compatopts_for_requires":true,"compat_wrappedjsobject":false,"compat_metadata":false,"compat_foreach":false,"compat_prototypes":false,"noframes":null,"run_at":null,"override":{"use_includes":[],"orig_includes":[],"merge_includes":true,"use_matches":[],"orig_matches":["*://*/*"],"merge_matches":true,"use_excludes":[],"orig_excludes":[],"merge_excludes":true,"use_connects":[],"merge_connects":true,"use_blockers":[],"orig_run_at":"document-end","orig_noframes":null,"orig_connects":[]}},"settings":{"enabled":true,"position":1},"meta":{"name":"自动无缝翻页","uuid":"b418dfe1-4700-41b3-8589-3f79be027eb5","modified":1633740491166,"file_url":"https://greasyfork.org/scripts/419215-%E8%87%AA%E5%8A%A8%E6%97%A0%E7%BC%9D%E7%BF%BB%E9%A1%B5/code/%E8%87%AA%E5%8A%A8%E6%97%A0%E7%BC%9D%E7%BF%BB%E9%A1%B5.user.js"}}