{"options":{"check_for_updates":true,"comment":null,"compatopts_for_requires":true,"compat_wrappedjsobject":false,"compat_metadata":false,"compat_foreach":false,"compat_prototypes":false,"noframes":null,"run_at":null,"override":{"use_includes":[],"orig_includes":[],"merge_includes":true,"use_matches":[],"orig_matches":["https://www.douban.com/group/*"],"merge_matches":true,"use_excludes":[],"orig_excludes":[],"merge_excludes":true,"use_connects":[],"merge_connects":true,"use_blockers":[],"orig_run_at":"document-idle","orig_noframes":null,"orig_connects":[]}},"settings":{"enabled":true,"position":3},"meta":{"name":"豆瓣小组功能增强","uuid":"4cefedcc-2482-4124-86ad-0ab6611107f0","modified":1633182676281,"file_url":"https://greasyfork.org/scripts/381514-%E8%B1%86%E7%93%A3%E5%B0%8F%E7%BB%84%E5%8A%9F%E8%83%BD%E5%A2%9E%E5%BC%BA/code/%E8%B1%86%E7%93%A3%E5%B0%8F%E7%BB%84%E5%8A%9F%E8%83%BD%E5%A2%9E%E5%BC%BA.user.js"}}